,,,
Part,Price,,
A/C COMPRESSOR,$55.99,,
A/C COMPRESSOR CLUTCH,$29.99,,
A/C CONDENSER,$43.99,,
A/C DRYER,$15.99,,
A/C EVAPORATOR,$28.99,,1
A/C HOSES,$19.99,,
A/C VALVE,$15.99,,
ACTUATOR,$16.99,,
AIR BAG,$69.99,,
AIR CLEANER,$27.99,,
AIR FILTER / FUEL FILTER / CABIN FILTER,$4.99,,
AIR FLOW METER,$38.99,,
AIR INJECTION PUMP (SMOG),$23.99,,
AIR INTAKE TUBE,$17.99,,
AIRBAG SENSOR,$41.99,,
ALTERNATOR,$36.99,,
AMPLIFIER,$34.99,,
ANTENNA (POWER),$22.99,,
ANTENNA (STANDARD),$6.99,,
ANTI LOCK BRAKE (ABS UNIT),$72.99,,
ANTIFREEZE,$4.99,,
ARMREST,$9.49,,
AXLE ACTUATOR (4X4),$31.99,,
"AXLE ASSEMBLY, REAR CAR/LESS BRAKES",$199.99,,
"AXLE ASSEMBLY,FRONT/LESS BRAKES",$199.99,,
AXLE HOUSING,$99.99,,
AXLE SHAFT,$34.99,,
BACK GLASS REGULATOR (ELECTRIC),$46.99,,
BACK GLASS REGULATOR (MANUAL),$28.99,,
BACKING PLATE,$9.99,,
BATTERY,$23.99,,
BATTERY (HYBRID BATTERY),$399.00,,
BATTERY CABLE (PER FOOT),$4.99,,
BATTERY TRAY,$9.99,,
BEAM AXLE (FWD),$99.99,,
BED LINER,$44.99,,
BELL HOUSING/TAILSHAFT HOUSING,$39.99,,
BELT TENSIONER,$26.99,,
BOLT (MISC),$1.99,,
BRAKE CALIPER,$26.99,,
BRAKE PAD/SHOES,$2.99,,
BRAKE PROPORTIONING VALVE,$14.99,,
BRAKE ROTOR OR DRUM,$12.99,,
BRAKE ROTOR W/ HUB,$30.99,,
BRAKE/CLUTCH PEDAL BOX,$32.99,,
BRUSH GUARD,$58.29,,
"BUMPER COVER, FRONT",$70.99,,
"BUMPER COVER, REAR",$70.99,,
BUMPER END CAP,$12.49,,
BUMPER FILLER PANEL,$17.99,,
"BUMPER REINFORCEMENT BAR, REAR",$49.99,,
BUMPER REINFORCEMENT FRONT,$34.99,,
CABLE,$14.99,,
CAMSHAFT CARRIER,$74.99,,
CAMSHAFT/CAMSHAFT CARRIER/ CAMSHAFT HOUSING,$74.99,,
"CAP (FUEL, OIL, RADIATOR, ETC.)",$7.99,,
CARBURETOR,$53.99,,
CARGO COVER,$5.99,,
CARPET,$23.99,,
CARRIER ASSEMBLY,$109.99,,
CENTER CONSOLE,$19.99,,
CENTER PILLAR,$89.99,,
CHASSIS CONTROL MODULE,$43.99,,
CLOCK,$8.99,,
CLOCK SPRING,$43.99,,
CLUTCH BEARING,$7.99,,
CLUTCH DISC,$12.99,,
CLUTCH FORK,$13.99,,
CLUTCH PRESSURE PLATE,$22.99,,
COIL,$14.99,,
COIL PACK,$44.99,,
COIL SPRING,$20.52,,
COLUMN SHIFT LEVER,$13.99,,
COLUMN SWITCH,$32.99,,
CONNECTING ROD,$34.99,,
CONTROL ARM LOWER FRONT,$24.99,,
CONTROL ARM UPPER FRONT,$34.99,,
CONTROL/TRAILING ARM UPPER REAR,$31.99,,
CONVERTIBLE TOP LIFT CYLINDER,$28.99,,
CONVERTIBLE TOP MOTOR,$38.99,,
COVER (TIMING/ENGINE/VALVE),$14.99,,
COWL VENT PANEL,$16.99,,
CRANKSHAFT,$129.99,,
CRUISE CONTROL ASSEMBLY,$33.99,,
CUP HOLDER,$9.99,,
CYLINDER CLUTCH MASTER,$21.99,,
CYLINDER CLUTCH SLAVE,$18.99,,
CYLINDER HEAD,$84.99,,
"CYLINDER, BRAKE MASTER",$19.99,,
DASH PAD,$24.99,,
DASH PANEL,$76.99,,
DASH VENT,$4.99,,
DC CONVERTER (HYBRID/ELECTRIC),$139.99,,
DECKLID/TAILGATE (BARE),$74.99,,
DEFLECTOR (HOOD/WINDOW),$8.99,,
DIPSTICK,$5.99,,
DIPSTICK (W/TUBE),$9.99,,
DISTRIBUTOR,$36.99,,
DISTRIBUTOR CAP/ ROTOR,$5.99,,
"DOOR ASSEMBLY, BACK",$97.99,,
DOOR ELECTRICAL SWITCH (MULTI),$22.99,,
DOOR ELECTRICAL SWITCH (SINGLE),$9.99,,
DOOR HANDLE (INSIDE),$9.99,,
DOOR HANDLE (OUTSIDE),$9.99,,
DOOR PANEL FRONT (BARE),$23.99,,
"DOOR VENT GLASS, REAR",$19.99,,
"DOOR, FRONT",$74.99,,
"DOOR, REAR",$74.99,,
DRAG LINK,$25.99,,
DRIVE SHAFT,$45.99,,
ELECTRIC BLOWER MOTOR/ELECTRIC MOTOR,$24.99,,
ELECTRIC POWER STEERING PUMP (ELECTRIC)/ASSIST MOTOR,$53.99,,
"ELECTRIC WIPER MOTOR, REAR",$24.99,,
"ELECTRIC WIPER MOTOR, WINDSHIELD",$24.99,,
EMBLEMS,$4.99,,
EMERGENCY BRAKE ASSEMBLY,$22.99,,
"ENGINE ASSEMBLY, (NO ACCESSORIES)",$299.99,,
ENGINE BELT,$6.99,,
ENGINE CONTROL MODULE,$65.99,,
ENGINE/TRANSMISSION MOUNTS,$15.99,,
EXHAUST GAS VALVE (EGR),$22.99,,
EXHAUST MANIFOLD,$34.99,,
EXHAUST PIPE (PER FOOT),$14.99,,
FAN BLADE,$14.99,,
FAN CLUTCH,$19.99,,
FENDER (BARE),$59.49,,
FENDER EXTENSION,$18.99,,
FLOOR MAT,$6.99,,
FLUID RESERVOIR,$14.99,,
FLUID RESERVOIR WITH PUMP,$19.99,,
FLYWHEEL,$28.99,,
FLYWHEEL COVER,$12.99,,
FRAME (BARE),$431.99,,
FRONT AXLE BEAM (2WD),$89.99,,
FRONT BUMPER (STEEL),$89.99,,
FRONT LAMP (FOG/PARKING/TURN/MARKER),$9.99,,
FRONT TRANSMISSION PUMP,$134.99,,
FUEL FILLER DOOR,$10.99,,
FUEL FILLER NECK,$15.99,,
FUEL INJECTION PUMP (DIESEL),$70.99,,
FUEL INJECTION RAIL (BARE),$20.99,,
FUEL INJECTOR HIGH PRESSURE (DIESEL/GAS),$18.99,,
FUEL INJECTOR LOW PRESSURE (GAS),$14.99,,
FUEL PUMP (DIRECT INJECTION HIGH PRESSURE GAS),$72.99,,
FUEL PUMP ASSEMBLY,$41.99,,
FUEL REGULATOR GL,$22.99,,
FUEL SENDING UNIT/FLOAT,$15.99,,
FUEL TANK,$34.99,,
FUEL VAPOR CANISTER,$17.99,,
FUSE,$0.49,,
FUSE BOX,$24.99,,
GAS PEDAL WITH MODULE,$23.99,,
GASKET,$9.99,,
GAUGES,$11.99,,
GLASS BACK,$19.99,,
GLASS DOOR FRONT,$19.99,,
GLASS DOOR REAR,$19.99,,
GLASS QUARTER,$19.99,,
GLASS VENT FRONT,$19.99,,
GLASS WINDSHIELD,$19.99,,
GLOVE BOX,$17.99,,
GLOVE BOX DOOR,$12.99,,
GPS TV SCREEN,$59.99,,
GRILLE,$19.99,,
HARMONIC BALANCER,$48.99,,
HEADER PANEL,$53.99,,
HEADLIGHT,$39.99,,
HEADLIGHT BALLAST ONLY,$20.99,,
HEADLIGHT HID BALLAST ONLY,$19.32,,
HEADLIGHT MOUNTING PANEL,$19.99,,
HEADLIGHT SWITCH (DASH MOUNTED),$14.99,,
HEADLINER,$26.99,,
HEADREST,$11.99,,
HEATER CORE,$21.99,,
HEATER HOUSING BARE,$17.99,,
"HINGE DOOR, FRONT",$11.99,,
HINGE HOOD/DOOR,$9.99,,
HINGE TRUNK LID,$11.99,,
HOOD,$81.99,,
HORN,$7.99,,
HUB ASSEMBLY,$24.99,,
HUB CAP / CENTER CAP,$4.99,,
IDLE AIR MOTOR,$26.99,,
IDLER ARM,$14.99,,
IGNITION SWITCH,$19.99,,
INDEPENDENT REAR SUSPENSION ASSEMBLY,$274.99,,
INNER FENDER LINER,$12.99,,
INSTRUMENT CLUSTER,$29.99,,
INSTRUMENT CLUSTER BEZEL,$17.99,,
INTAKE MANIFOLD,$51.99,,
INTERCOOLER,$69.99,,
INTERIOR LIGHT,$8.99,,
INTERIOR MIRROR,$14.99,,
INTERIOR SUN VISOR,$14.99,,
JACK,$9.99,,
JUMPER CABLES,$12.99,,
KEY FOB,$7.99,,
KNOB,$4.99,,
LATCH (ELECTRIC),$24.99,,
LATCH (MANUAL),$9.99,,
LEAF SPRING,$29.99,,
LICENSE PLATE BRACKET,$5.99,,
LIGHT BAR,$39.99,,
LIGHT BULB,$2.99,,
LIGHTER ASSEMBLY,$6.99,,
LINE (PER FOOT) BRAKE/ FUEL/ TRANS,$6.99,,
"LOCKS (LID, DOORS, GLOVE BOX)",$6.99,,
LUG WRENCH,$5.99,,
MC AXLE,$10.25,,
MC BATTERY,$18.75,,
MC CABLE (G-1),$4.75,,
MC CABLE (G-2),$7.75,,
MC CALIPER,$10.25,,
MC CARBURETOR,$22.25,,
MC CASING,$10.25,,
MC CHAIN,$7.75,,
MC CHAINGUARD,$5.75,,
MC CLCH/BRK LVR(G-1),$5.75,,
MC CLCH/BRK LVR(G-2),$7.75,,
MC CRANK SHAFT,$16.75,,
MC DRUM & HUB,$11.25,,
"MC ENG, 1000CC & UP",$308.25,,
"MC ENG, 1000CC(B)",$308.25,,
"MC ENG, 200-950CC",$110.25,,
"MC ENG, 200-950CC(B)",$110.25,,
"MC ENG, 90-175CC",$99.25,,
"MC ENG, 90-175CC(B)",$99.25,,
"MC ENGINE, MOPED",$71.75,,
MC FENDER,$9.25,,
MC FOOT PEDAL (G-1),$5.75,,
MC FOOT PEDAL (G-2),$7.75,,
MC FORK,$16.75,,
MC FRAME,$82.75,,
MC GAS TANK,$14.75,,
MC HANDLE BAR (G-1),$9.25,,
MC HANDLE BAR (G-2),$13.25,,
MC HANDLE BAR (G-3),$18.75,,
MC HANDLE GRIP,$3.75,,
MC HEAD,$29.75,,
"MC HEAD, 2CYL",$25.75,,
MC HEADER,$18.75,,
MC HEADLIGHT ASSY,$5.75,,
MC KICKSTAND (G-1),$3.75,,
MC KICKSTAND (G-2),$5.75,,
MC MIRROR (G-1),$4.75,,
MC MIRROR (G-2),$5.75,,
MC MIRROR (G-3),$7.75,,
MC MUFFLER,$9.25,,
MC PISTON,$6.75,,
MC PISTON & ROD,$9.25,,
MC PISTON ROD,$9.25,,
MC RADIATOR,$16.75,,
MC ROTOR,$16.75,,
MC SADDLE BAG (G-1),$14.75,,
MC SADDLE BAG (G-2),$16.75,,
MC SADDLE BAG (G-3),$20.25,,
MC SEAT (G-1),$10.25,,
MC SEAT (G-2),$25.25,,
MC SEAT (G-3),$35.25,,
MC SHIFTER,$5.75,,
MC SHOCK (G-1),$4.75,,
MC SHOCK (G-2),$10.25,,
MC SISSY BAR (G-1),$9.25,,
MC SISSY BAR (G-2),$11.24,,
MC SISSY BAR (G-3),$14.75,,
MC SPROCKET (G-1),$5.75,,
MC SPROCKET (G-2),$7.75,,
MC STARTER,$16.75,,
MC SWITCH (G-1),$4.75,,
MC SWITCH (G-2),$5.75,,
MC SWITCH (G-3),$6.75,,
MC TAILIGHT ASS(G-1),$5.75,,
MC TAILIGHT ASS(G-2),$7.75,,
MC THROTTLE (G-1),$4.75,,
MC THROTTLE (G-2),$6.75,,
"MC TRANS, 4 SPEED",$44.25,,
"MC TRANS, 5 SPEED",$60.75,,
"MC TRANS, 6 SPEED",$82.75,,
MC TURN SIGNAL,$6.75,,
"MC WHEEL, ALUMINUM",$14.25,,
"MC WHEEL, STEEL",$6.75,,
MC WIRING LOOM (G-1),$3.25,,
MC WIRING LOOM (G-2),$6.75,,
MC WIRING LOOM (G-3),$11.25,,
MIRROR (SIDE VIEW),$39.99,,
MISC (DIFFERENTIAL PARTS SPIDER GEAR),$59.99,,
MISC BODY SECTION (CUT),$69.99,,
MISC BRACKETS,$13.99,,
MOLDING (PER FOOT),$4.99,,
MUD FLAP/SPLASH GUARD,$11.99,,
MUFFLER/RESONATORS,$26.99,,
"MULTIFUNCTION (TOTALLY INTEGRATED POWER CONTROL), (INCLUDES FUSE BOX)",$74.99,,
OIL COOLER,$19.99,,
OIL FILTER HOUSING,$14.99,,
OIL PAN ENG/TRANS/DIFFERENTIAL,$31.99,,
OIL PUMP,$34.99,,
OIL PUMP ASSEMBLY WITH BALANCE SHAFT,$34.99,,
OWNERS MANUAL,$5.00,,
PEDAL (SINGLE),$23.99,,
PICKUP BED,$339.99,,
PICKUP BED (UTILITY/FLAT),$299.99,,
PICKUP CAB (SHELL),$499.99,,
PICKUP CAP/COVER,$99.99,,
PISTON,$74.99,,
PITMAN ARM,$14.99,,
POWER BRAKE BOOSTER,$39.99,,
POWER STEERING PRESSURE HOSE,$16.99,,
POWER STEERING PUMP,$31.99,,
POWER STEERING PUMP (ELECTRIC),$46.99,,
"PROP ROD/STRUT (HOOD, HATCH, TRUNK)",$9.99,,
PULLEY,$13.99,,
QUARTER GLASS (VAN SIDE),$19.99,,
QUARTER PANEL,$134.99,,
RADIATOR,$42.99,,
RADIATOR CORE SUPPORT,$66.49,,
RADIATOR CORE SUPPORT UPPER TIE BAR,$29.99,,
RADIATOR HOSE,$5.99,,
RADIATOR OVERFLOW TANK,$16.99,,
RADIATOR SHROUD,$19.99,,
RADIATOR/CONDENSER FAN (DUAL),$74.99,,
RADIATOR/CONDENSER FAN (MOTOR ONLY),$29.99,,
RADIATOR/CONDENSER FAN (SINGLE),$39.99,,
RADIO SPEAKER,$11.99,,
RADIO WITH DISPLAY,$49.99,,
RADIO WITHOUT DISPLAY,$29.99,,
REAR BUMPER (STEEL),$89.99,,
RECONDITIONED BATTERY,$44.95,,
REFLECTOR,$4.99,,
RELAY,$7.99,,
RING AND PINION GEAR,$139.99,,
ROCKER ARM SHAFT ASSY,$74.99,,
ROCKER ARM/PUSH ROD/VALVE LIFTER,$9.99,,
ROCKER PANEL,$47.99,,
ROCKER PANEL MOLDING,$33.99,,
ROOF,$129.99,,
ROOF GLASS (SUN ROOF),$19.99,,
ROOF GLASS (T-TOP),$19.99,,
ROOF GLASS PANORAMIC (FULL GLASS ROOF ASSEMBLY),$159.99,,
ROOF RACK ASSEMBLY,$21.99,,
ROOF RACK RAIL/ CROSS BAR (EACH),$21.99,,
RUNNING BOARD,$30.99,,
SEAT 1/2,$34.99,,
SEAT BELT (BUCKLE ONLY),$13.49,,
SEAT BELT RETRACTOR/ TENSIONER,$38.99,,
SEAT NO AIR BAG FRONT,$44.99,,
SEAT REAR,$53.99,,
SEAT SKIN (MATERIAL),$17.99,,
SEAT THIRD ROW,$64.99,,
"SEAT TRACK, (ELECTRIC)",$29.99,,
"SEAT TRACK, (MANUAL)",$11.99,,
SEAT WITH AIR BAG FRONT,$44.99,,
SENSOR CAMERAS,$32.99,,
SENSOR WHEEL (NOT USED FOR AIRBAG SENSOR SEE 253-5),$14.99,,
SHIFT ASSEMBLY,$23.99,,
SHOCK ABSORBER,$14.99,,
SKID PLATE,$24.99,,
SLIDING DOOR MOTOR,$48.99,,
SPACE SAVER TIRE ASSEMBLY,$20.99,,
SPARE TIRE TOOL KIT,$12.99,,
SPARE WHEEL CARRIER,$23.99,,
SPARK PLUG,$2.49,,
SPARK PLUG WIRE,$2.49,,
SPEAKER (SUB-WOOFER),$29.99,,
SPEAKER BOX,$29.99,,
SPINDLE/KNUCKLE,$39.99,,
SPOILER REAR,$32.99,,
SPOILER/VALANCE,$31.69,,
STABILIZER BAR,$28.99,,
STARTER,$36.99,,
STARTER SOLENOID,$12.99,,
STEERING COLUMN,$56.99,,
STEERING COUPLER,$19.99,,
STEERING GEAR/RACK (NO MOTOR),$54.99,,
STEERING WHEEL,$20.99,,
STRUT,$36.99,,
STRUT (AIR),$47.99,,
SUSPENSION COMPRESSOR/PUMP,$42.99,,
SUSPENSION CROSSMEMBER/K- FRAME (BARE),$84.99,,
TAIL FINISH PANEL,$27.99,,
TAIL LIGHT CIRCUIT BOARD,$21.99,,
TAILLIGHT (QUARTER MOUNTED),$29.99,,
TAILLIGHT CIRCUIT BOARD,$20.99,,
TAILLIGHT TRUNK LID/HATCH MOUNTED,$29.99,,
TEMPERATURE CONTROL,$34.99,,
THERMOSTAT,$2.99,,
THERMOSTAT HOUSING,$8.99,,
THIRD BRAKE LIGHT,$17.49,,
THROTTLE BODY,$49.99,,
TIE ROD END,$14.99,,
TIMING CHAIN/BELT,$34.99,,
TIMING GEAR,$34.99,,
TIRE (13-15 INCH),$26.99,,
TIRE (16-18 INCH),$35.99,,
TIRE (19 AND LARGER),$37.99,,
TIRE DISMOUNT SERVICE,$5.00,,
TIRE PROMOTIONAL.,$11.99,,
TIRE/WHEEL SET,$349.99,,
TOOL BOX/SHELVING/VAN DIVIDER,$39.99,,
TORQUE CONVERTER,$299.99,,
TORSION BAR,$23.99,,
TRAILER HITCH,$64.99,,
TRAILER HITCH RECEIVER (BALL),$19.99,,
TRANSFER CASE,$169.99,,
TRANSFER CASE ADAPTER,$43.99,,
TRANSFER CASE MOTOR,$44.99,,
TRANSFER CASE SWITCH (4X4),$29.99,,
TRANSMISSION,$179.99,,
TRANSMISSION CROSSMEMBER,$46.99,,
TRANSMISSION SHIFT LINKAGE,$12.99,,
TRANSMISSION SOLENOID PACK,$65.99,,
TRANSMISSION VALVE BODY,$129.99,,
"TRANSMISSON SOLENOID, SINGLE",$31.99,,
TRIM PANEL REAR DOOR (BARE),$27.99,,
TRIM RING (EACH),$5.99,,
TRUNK MAT,$17.99,,
TURBO/SUPERCHARGER,$99.99,,
U-JOINT.,$9.99,,
VACUUM LINE (PER FOOT),$1.99,,
VACUUM PUMP,$26.99,,
VACUUM VALVE,$9.99,,
VOLTAGE REGULATOR,$11.99,,
WASHER FLUID,$2.99,,
WATER PUMP,$36.99,,
WEATHER STRIPPING,$7.25,,
WHEEL (ALUMINUM),$37.99,,
WHEEL (STEEL),$23.99,,
WINDOW CRANK,$4.99,,
WINDOW REGULATOR FRONT (ELECTRIC),$29.99,,
WINDOW REGULATOR FRONT (MANUAL),$15.99,,
"WINDOW REGULATOR, REAR DOOR (ELECTRIC)",$46.99,,
"WINDOW REGULATOR, REAR DOOR (MANUAL)",$28.99,,
WINDSHIELD WASHER PUMP MOTOR,$7.99,,
WINDSHIELD WIPER ARM,$6.99,,
WINDSHIELD WIPER BLADE,$2.99,,
WIPER TRANSMISSION,$19.99,,
WIRING HARNESS (BODY),$64.99,,
WIRING HARNESS (DASH),$44.99,,
WIRING HARNESS (ENGINE),$49.99,,
WIRING HARNESS (INJECTION),$37.99,,
WIRING HARNESS (MISC/PIGTAIL),$3.99,,
YOKE,$17.99,,